data;inadimplencia_total;inadimplencia_pf;inadimplencia_pj;taxa_juros_pf;taxa_juros_pj;saldo_carteira_milhoes
2015-01-01;2,85;2,02;3,78;31,39;38,32;52,1
2015-02-01;2,89;2,03;3,85;32,23;39,77;52,2
2015-03-01;2,85;2,1;3,71;32,51;39,94;52,5
2015-04-01;2,99;2,28;3,79;33,25;40,91;52,33
2015-05-01;3,06;2,31;3,89;34,19;41,79;52,6
2015-06-01;2,96;2,3;3,7;34,88;42,6;52,63
2015-07-01;3,07;2,41;3,81;35,82;43,54;52,6
2015-08-01;3,16;2,48;3,92;36,37;44,5;52,87
2015-09-01;3,16;2,43;3,99;36,86;45,56;53,3
2015-10-01;3,28;2,53;4,12;37,91;46,83;53,07
2015-11-01;3,42;2,68;4,24;38,26;47,42;53,27
2015-12-01;3,42;2,66;4,27;37,37;46,3;53,85
2016-01-01;3,52;2,77;4,34;38,87;48,78;53,41
2016-02-01;3,55;2,83;4,35;39,47;49,88;52,95
2016-03-01;3,58;2,9;4,3;40,19;50,07;52,48
2016-04-01;3,71;3,1;4,35;41,03;51,21;51,95
2016-05-01;3,79;3,24;4,37;41,4;51,12;51,85
2016-06-01;3,57;3,06;4,1;41,06;50,93;51,3
2016-07-01;3,61;3,09;4,15;41,33;51,6;50,96
2016-08-01;3,69;3,23;4,17;41,43;52,1;50,7
2016-09-01;3,74;3,25;4,23;42,06;52,43;50,44
2016-10-01;3,9;3,58;4,23;42,25;53,06;50,03
2016-11-01;3,86;3,56;4,15;42,29;52,95;49,92
2016-12-01;3,75;3,5;4,0;41,2;50,99;49,71
2017-01-01;3,79;3,53;4,04;41,43;52,0;48,96
2017-02-01;3,82;3,57;4,06;40,73;52,2;48,76
2017-03-01;3,91;3,76;4,06;40,61;51,23;48,62
2017-04-01;4,0;3,89;4,09;37,84;48,3;48,36
2017-05-01;4,11;4,06;4,16;36,0;45,82;48,01
2017-06-01;3,8;3,68;3,91;35,8;45,48;48,05
2017-07-01;3,75;3,47;4,01;36,35;46,52;47,47
2017-08-01;3,76;3,52;3,99;35,53;45,59;47,26
2017-09-01;3,66;3,36;3,93;33,58;42,93;47,12
2017-10-01;3,69;3,42;3,93;33,85;43,24;46,99
2017-11-01;3,6;3,34;3,83;33,19;42,58;46,96
2017-12-01;3,29;2,97;3,58;31,57;40,01;47,12
2018-01-01;3,48;3,13;3,78;31,89;40,73;46,45
2018-02-01;3,49;3,17;3,76;32,79;41,71;46,14
2018-03-01;3,35;2,94;3,7;32,54;40,99;46,25
2018-04-01;3,38;3,03;3,68;32,49;40,63;46,05
2018-05-01;3,37;3,04;3,64;30,91;38,76;46,16
2018-06-01;3,11;2,61;3,52;30,48;38,06;46,19
2018-07-01;3,08;2,51;3,56;30,0;37,66;45,83
2018-08-01;3,1;2,56;3,55;29,86;37,49;46,0
2018-09-01;3,11;2,66;3,47;29,8;37,47;46,01
2018-10-01;3,11;2,72;3,43;29,95;37,64;45,66
2018-11-01;3,02;2,61;3,35;29,99;37,52;45,99
2018-12-01;2,93;2,47;3,3;28,63;35,18;46,59
2019-01-01;3,01;2,53;3,39;29,99;37,15;46,03
2019-02-01;2,96;2,46;3,35;30,62;37,93;45,94
2019-03-01;3,04;2,55;3,41;31,09;38,31;46,22
2019-04-01;3,07;2,63;3,41;31,09;38,29;46,05
2019-05-01;3,1;2,63;3,46;30,94;37,86;45,97
2019-06-01;2,99;2,45;3,4;31,1;37,58;46,03
2019-07-01;3,1;2,57;3,49;30,8;37,37;45,7
2019-08-01;3,1;2,51;3,53;30,93;37,16;46,01
2019-09-01;3,11;2,45;3,6;30,22;35,98;46,24
2019-10-01;3,09;2,41;3,58;29,45;35,18;46,17
2019-11-01;3,06;2,33;3,59;29,71;35,49;46,56
2019-12-01;2,99;2,21;3,56;28,28;33,27;47,04
2020-01-01;3,06;2,26;3,63;28,12;33,71;46,67
2020-02-01;3,1;2,23;3,72;28,71;34,1;46,67
2020-03-01;3,24;2,22;4,0;28,33;33,24;47,78
2020-04-01;3,36;2,35;4,13;26,8;30,94;48,07
2020-05-01;3,31;2,36;4,04;26,12;29,47;48,49
2020-06-01;2,95;2,02;3,67;24,61;27,43;48,8
2020-07-01;2,82;1,92;3,52;24,27;26,83;49,36
2020-08-01;2,7;1,87;3,35;23,53;26,16;50,27
2020-09-01;2,47;1,58;3,19;23,09;25,4;51,13
2020-10-01;2,4;1,51;3,11;23,58;26,1;51,73
2020-11-01;2,27;1,33;3,02;23,14;25,77;52,48
2020-12-01;2,16;1,24;2,89;22,65;25,01;52,85
2021-01-01;2,19;1,25;2,93;23,81;27,91;52,36
2021-02-01;2,28;1,4;2,97;24,17;27,67;52,11
2021-03-01;2,18;1,25;2,92;24,49;27,95;52,0
2021-04-01;2,24;1,33;2,95;24,76;28,66;51,16
2021-05-01;2,39;1,57;3,01;24,12;27,99;50,81
2021-06-01;2,32;1,54;2,91;24,18;27,93;50,47
2021-07-01;2,36;1,58;2,94;24,15;28,37;50,43
2021-08-01;2,37;1,56;2,96;24,68;29,23;50,53
2021-09-01;2,34;1,43;3,01;25,23;29,97;50,96
2021-10-01;2,33;1,43;2,99;26,51;31,94;51,19
2021-11-01;2,36;1,46;3,01;27,41;33,23;51,53
2021-12-01;2,35;1,4;3,05;28,19;33,32;51,96
2022-01-01;2,51;1,46;3,26;29,1;34,84;51,7
2022-02-01;2,57;1,44;3,38;29,66;35,95;51,94
2022-03-01;2,66;1,55;3,45;30,99;36,73;52,26
2022-04-01;2,72;1,57;3,54;31,45;37,35;52,15
2022-05-01;2,79;1,57;3,65;32,03;37,46;52,13
2022-06-01;2,73;1,52;3,57;32,58;38,41;52,33
2022-07-01;2,84;1,6;3,71;33,67;39,78;52,12
2022-08-01;2,9;1,62;3,78;33,97;39,98;52,3
2022-09-01;2,92;1,65;3,8;33,7;39,85;52,73
2022-10-01;3,04;1,77;3,89;35,22;41,63;52,68
2022-11-01;3,07;1,81;3,92;36,09;42,38;52,88
2022-12-01;3,07;1,8;3,94;34,86;41,11;53,24
2023-01-01;3,24;1,94;4,11;35,27;42,42;52,85
2023-02-01;3,36;2,17;4,16;35,59;43,05;52,43
2023-03-01;3,35;2,2;4,11;36,2;43,39;52,46
2023-04-01;3,54;2,45;4,26;37,2;44,46;52,08
2023-05-01;3,65;2,58;4,35;37,28;44,23;51,99
2023-06-01;3,61;2,63;4,25;36,59;43,4;51,93
2023-07-01;3,63;2,73;4,22;36,03;43,04;51,73
2023-08-01;3,61;2,82;4,12;35,37;42,72;52,14
2023-09-01;3,54;2,82;4,0;34,82;42,53;52,48
2023-10-01;3,56;2,92;3,97;34,18;42,0;52,39
2023-11-01;3,53;2,99;3,88;34,0;41,72;52,52
2023-12-01;3,29;2,59;3,75;33,2;40,59;53,05
2024-01-01;3,38;2,77;3,76;32,25;40,27;52,56
2024-02-01;3,38;2,76;3,76;32,34;40,27;52,41
2024-03-01;3,33;2,71;3,71;32,84;40,44;53,02
2024-04-01;3,37;2,76;3,75;32,6;40,2;52,77
2024-05-01;3,43;2,8;3,82;32,53;39,98;52,86
2024-06-01;3,29;2,64;3,71;32,54;39,97;53,31
2024-07-01;3,3;2,52;3,78;32,42;39,84;53,09
2024-08-01;3,33;2,55;3,82;32,12;39,72;53,34
2024-09-01;3,34;2,56;3,83;32,3;39,78;53,68
2024-10-01;3,3;2,52;3,79;32,4;40,17;53,76
2024-11-01;3,27;2,5;3,75;32,94;40,86;54,27
2024-12-01;3,08;2,21;3,63;33,07;40,74;54,88
2025-01-01;3,34;2,43;3,89;34,03;42,42;54,58
2025-02-01;3,41;2,52;3,96;35,33;43,96;54,55
2025-03-01;3,44;2,49;4,03;35,83;44,05;54,63
2025-04-01;3,67;2,72;4,25;36,41;45,19;54,59
2025-05-01;3,72;2,67;4,36;36,63;45,82;54,51
2025-06-01;3,75;2,67;4,41;36,84;46,12;54,48
2025-07-01;3,96;2,79;4,66;36,41;45,89;54,38
2025-08-01;4,14;2,85;4,92;36,6;46,16;54,45
2025-09-01;4,09;2,77;4,89;36,5;45,75;54,71
2025-10-01;4,18;2,82;4,99;36,79;46,47;55,0
2025-11-01;4,24;2,75;5,12;37,89;47,66;55,35
2025-12-01;4,2;2,7;5,12;37,73;46,88;56,03
2026-01-01;4,44;2,87;5,38;38,03;47,95;55,67
2026-02-01;4,64;3,07;5,56;38,34;48,59;55,64
2026-03-01;4,52;3,06;5,39;38,45;48,47;55,85
2026-04-01;4,64;3,15;5,51;38,93;49,35;55,68
2026-05-01;4,74;3,25;5,62;38,74;49,2;55,74
2026-06-01;4,58;3,18;5,42;39,38;49,74;55,75
2026-07-01;4,88;3,31;5,81;37,41;47,67;55,6
